<?xml version="1.0" encoding="UTF-8"?>
<project-private xmlns="http://www.netbeans.org/ns/project-private/1">
    <editor-bookmarks xmlns="http://www.netbeans.org/ns/editor-bookmarks/2" lastBookmarkId="0"/>
    <open-files xmlns="http://www.netbeans.org/ns/projectui-open-files/2">
        <group>
            <file>file:/var/www/tarea6.es/app/Models/Equipo.php</file>
            <file>file:/var/www/tarea6.es/app/Http/Controllers/EquipoController.php</file>
            <file>file:/var/www/tarea6.es/resources/views/edit_1.blade.php</file>
            <file>file:/var/www/tarea6.es/.env</file>
            <file>file:/var/www/tarea6.es/resources/views/listado.blade.php</file>
            <file>file:/var/www/tarea6.es/resources/views/insercion.blade.php</file>
            <file>file:/var/www/tarea6.es/database/migrations/2023_02_27_180645_create_tabla_equipos.php</file>
            <file>file:/var/www/tarea6.es/routes/web.php</file>
            <file>file:/var/www/tarea6.es/resources/views/edit.blade.php</file>
            <file>file:/var/www/tarea6.es/public/css/custom.css</file>
            <file>file:/var/www/tarea6.es/resources/views/welcome.blade.php</file>
        </group>
    </open-files>
</project-private>
