-- phpMyAdmin SQL Dump
-- version 4.6.6deb5
-- https://www.phpmyadmin.net/
--
-- Servidor: localhost:3306
-- Tiempo de generación: 10-10-2019 a las 16:41:00
-- Versión del servidor: 5.7.27-0ubuntu0.18.04.1
-- Versión de PHP: 7.2.19-0ubuntu0.18.04.2

SET SQL_MODE = "NO_AUTO_VALUE_ON_ZERO";
SET time_zone = "+00:00";


/*!40101 SET @OLD_CHARACTER_SET_CLIENT=@@CHARACTER_SET_CLIENT */;
/*!40101 SET @OLD_CHARACTER_SET_RESULTS=@@CHARACTER_SET_RESULTS */;
/*!40101 SET @OLD_COLLATION_CONNECTION=@@COLLATION_CONNECTION */;
/*!40101 SET NAMES utf8mb4 */;

--
-- Base de datos: `baloncesto`
--

-- --------------------------------------------------------

--
-- Estructura de tabla para la tabla `EQUIPOS`
--

CREATE TABLE `EQUIPOS` (
  `COD_EQUIPO` int(11) NOT NULL,
  `NOMBRE_EQUIPO` varchar(40) NOT NULL,
  `PRESUPUESTO` int(11) NOT NULL,
  `FECHA_FUNDACION` date NOT NULL,
  `ZONA` int(11) NOT NULL,
  `TITULOS` int(11) NOT NULL
) ENGINE=InnoDB DEFAULT CHARSET=latin1;

--
-- Volcado de datos para la tabla `EQUIPOS`
--

INSERT INTO `EQUIPOS` (`COD_EQUIPO`, `NOMBRE_EQUIPO`, `PRESUPUESTO`, `FECHA_FUNDACION`, `ZONA`, `TITULOS`) VALUES
(11, 'Denver Nuggets', 84450000, '1968-09-14', 1, 0),
(12, 'Portland Trailblazers', 79150000, '1971-08-12', 1, 1),
(13, 'Utah Jazz', 87450000, '1974-07-22', 1, 0),
(14, 'Oklahoma City Thunder', 62450000, '2008-09-02', 1, 0),
(15, 'Minesotta Timberwolves', 75430000, '1968-09-14', 1, 0),
(21, 'Los Angeles Lakers', 92450000, '1951-09-03', 2, 15),
(22, 'Phoenix Suns', 89176000, '1967-08-12', 2, 1),
(23, 'Golden State Warriors', 66450000, '1970-07-22', 2, 0),
(24, 'Los Angeles Clippers', 82320000, '1967-08-02', 2, 0),
(25, 'Sacramento Kings', 69930000, '1964-07-23', 2, 1),
(31, 'San Antonio Spurs', 87320000, '1971-09-13', 3, 4),
(32, 'Houston Rockets', 79546000, '1972-08-21', 3, 2),
(33, 'Dallas Mavericks', 88430000, '1973-07-22', 3, 0),
(34, 'New Orleans Hornets', 80100000, '1974-08-23', 3, 0),
(35, 'Memphis Grizzlies', 70230000, '1975-07-24', 3, 0),
(41, 'Boston Celtics', 96320000, '1949-07-13', 4, 18),
(42, 'Philadelphia Sixers', 84566000, '1962-08-02', 4, 1),
(43, 'New Jersey Nets', 78640000, '1968-08-03', 4, 0),
(44, 'Toronto Raptors', 69860000, '1999-08-04', 4, 0),
(45, 'New York Knicks', 98240000, '1961-08-05', 4, 2),
(51, 'Cleveland Cavaliers', 96090000, '1970-08-11', 6, 0),
(52, 'Chicago Bulls', 82466000, '1971-09-12', 6, 6),
(53, 'Detroit Pistons', 89840000, '1968-07-13', 6, 4),
(54, 'Indiana Pacers', 77250000, '1978-07-14', 6, 0),
(55, 'Milwaukee Bucks', 70200000, '1981-07-15', 6, 0),
(61, 'Orlando Magic', 89650000, '2001-06-07', 5, 0),
(62, 'Atlanta Hawks', 80476000, '1964-08-07', 5, 0),
(63, 'Miami Heat', 79870000, '1988-08-09', 5, 1),
(64, 'Charlotte Bobcats', 65490000, '2004-09-08', 5, 0),
(65, 'Washington Wizards', 85410000, '1997-08-10', 5, 0);

-- --------------------------------------------------------

--
-- Estructura de tabla para la tabla `JUGADORES`
--

CREATE TABLE `JUGADORES` (
  `COD_JUGADOR` int(11) NOT NULL,
  `NOMBRE_JUGADOR` varchar(40) NOT NULL,
  `FECHA_NACIMIENTO` date NOT NULL,
  `ESTATURA` int(11) NOT NULL,
  `POSICION` varchar(12) NOT NULL,
  `EQUIPO` int(11) NOT NULL
) ENGINE=InnoDB DEFAULT CHARSET=latin1;

--
-- Volcado de datos para la tabla `JUGADORES`
--

INSERT INTO `JUGADORES` (`COD_JUGADOR`, `NOMBRE_JUGADOR`, `FECHA_NACIMIENTO`, `ESTATURA`, `POSICION`, `EQUIPO`) VALUES
(1101, 'Carmelo Anthony', '1983-09-14', 203, 'Alero', 11),
(1102, 'Chauncey Billups', '1978-05-11', 191, 'Base', 11),
(1103, 'Johan Petro', '1989-02-17', 213, 'Pivot', 11),
(1201, 'Brandon Roy', '1989-02-04', 198, 'Alero', 12),
(1202, 'Andre Miller', '1984-12-24', 188, 'Base', 12),
(1203, 'Greg Oden', '1986-12-19', 213, 'Pivot', 12),
(1301, 'Wes Matthews', '1980-07-14', 196, 'Base', 13),
(1302, 'Andrei Kirilenko', '1985-03-01', 206, 'Alero', 13),
(1303, 'Kosta Koufos', '1983-07-22', 215, 'Pivot', 13),
(1401, 'James Harden', '1989-03-15', 196, 'Escolta', 14),
(1402, 'Jeff Green', '1988-03-03', 205, 'Alero', 14),
(1403, 'Ethan Thomas', '1984-11-17', 208, 'Ala-pivot', 14),
(1501, 'Wayne Ellington', '1981-04-23', 193, 'Base', 15),
(1502, 'Damien Wilkins', '1980-08-11', 198, 'Alero', 15),
(1503, 'Mark Blount', '1983-10-13', 215, 'Pivot', 15),
(2101, 'Dereck Fisher', '1979-03-17', 192, 'Base', 21),
(2102, 'Kobe Bryant', '1981-11-13', 198, 'Escolta', 21),
(2103, 'Pau Gassol', '1982-08-16', 216, 'Ala-pivot', 21),
(2201, 'Steve Nash', '1977-09-01', 191, 'Base', 22),
(2202, 'Jason Richardson', '1979-04-08', 198, 'Alero', 22),
(2203, 'Channing Frye', '1988-01-31', 211, 'Ala-pivot', 22),
(2301, 'Monta Ellis', '1979-07-07', 190, 'Base', 23),
(2302, 'Anthony Randolph', '1982-12-13', 208, 'Alero', 23),
(2303, 'Brandan Wright', '1980-09-13', 208, 'Pivot', 23),
(2401, 'Bobby Brown', '1987-11-06', 178, 'Base', 24),
(2402, 'Ricky Davis', '1987-11-15', 201, 'Alero', 24),
(2403, 'Brandan Wright', '1980-09-13', 208, 'Pivot', 24),
(2501, 'Sergio Rodriguez', '1988-06-11', 191, 'Base', 25),
(2502, 'Tyreke Evans', '1989-08-13', 198, 'Alero', 25),
(2503, 'Spencer Hawes', '1984-10-22', 216, 'Pivot', 25),
(3101, 'Manu Ginobilli', '1982-04-17', 198, 'Escolta', 31),
(3102, 'Michael Finley', '1973-02-04', 201, 'Alero', 31),
(3103, 'Tim Duncan', '1975-01-25', 211, 'Ala-pivot', 31),
(3201, 'Aaron Brooks', '1986-05-02', 183, 'Base', 32),
(3202, 'Tracy McGrady', '1980-12-07', 203, 'Alero', 32),
(3203, 'Yao Ming', '1984-09-12', 229, 'Pivot', 32),
(3301, 'Jason Kidd', '1975-10-02', 193, 'Base', 33),
(3302, 'Shawn Marion', '1977-09-05', 201, 'Alero', 33),
(3303, 'Dirk Nowitzki', '1981-05-15', 213, 'Ala-pivot', 33),
(3401, 'Chris Paul', '1988-12-11', 183, 'Base', 34),
(3402, 'Peja Stojakovic', '1979-02-01', 208, 'Alero', 34),
(3403, 'Aaron Grey', '1991-11-17', 212, 'Pivot', 34),
(3501, 'Mike Conley', '1977-08-16', 185, 'Base', 35),
(3502, 'Rudy Gay', '1988-12-04', 203, 'Alero', 35),
(3503, 'Marc Gassol', '1986-01-13', 216, 'Pivot', 35),
(4101, 'Ray Allen', '1981-02-11', 196, 'Escolta', 41),
(4102, 'Paul Pierce', '1983-07-15', 201, 'Alero', 41),
(4103, 'Kevin Garnett', '1978-12-19', 211, 'Ala-pivot', 41),
(4201, 'Willie Green', '1989-10-13', 191, 'Base', 42),
(4202, 'Elton Brand', '1983-09-13', 206, 'Alero', 42),
(4203, 'Samuel Dalembert', '1988-01-14', 211, 'Pivot', 42),
(4301, 'Devin Harris', '1987-12-19', 191, 'Base', 43),
(4302, 'Trenton Hassell', '1975-02-01', 196, 'Alero', 43),
(4303, 'Brook Lopez', '1990-03-17', 213, 'Pivot', 43),
(4401, 'Jose Manuel Calderon', '1981-03-31', 192, 'Base', 44),
(4402, 'Andrea Bargnani', '1987-08-17', 213, 'Alero', 44),
(4403, 'Chris Bosh', '1984-12-03', 208, 'Alero', 44),
(4501, 'Nate Robinson', '1981-03-31', 175, 'Base', 45),
(4502, 'Marcus Landry', '1982-08-16', 201, 'Alero', 45),
(4503, 'Eddy Curry', '1975-11-07', 213, 'Pivot', 45),
(5101, 'Delonte West', '1988-03-16', 192, 'Base', 51),
(5102, 'Lebron James', '1986-12-15', 203, 'Alero', 51),
(5103, 'Saquille O?neal', '1974-03-19', 216, 'Pivot', 51),
(5201, 'Jannero Pargo', '1984-11-15', 185, 'Base', 52),
(5202, 'Luol Deng', '1986-10-17', 206, 'Alero', 52),
(5203, 'Jerome James', '1984-10-29', 216, 'Pivot', 52),
(5301, 'Rodney Stuckey', '1990-10-05', 196, 'Base', 53),
(5302, 'Tayshaun Prince', '1984-03-19', 205, 'Alero', 53),
(5303, 'Ben Wallace', '1977-04-24', 206, 'Pivot', 53),
(5401, 'Travis Diener', '1987-03-25', 185, 'Base', 54),
(5402, 'Solomon Jones', '1988-07-29', 208, 'Alero', 54),
(5403, 'Roy Hibbert', '1989-07-14', 218, 'Pivot', 54),
(5501, 'Luke Ridnour', '1989-10-15', 188, 'Base', 55),
(5502, 'Ersan Ilyasova', '1988-04-17', 208, 'Alero', 55),
(5503, 'Francisco Elson', '1979-09-23', 211, 'Ala-pivot', 55),
(6101, 'Jason Williams', '1983-11-25', 185, 'Base', 61),
(6102, 'Vince Carter', '1980-10-21', 198, 'Escolta', 61),
(6103, 'Dwight Howard', '1987-01-06', 211, 'Pivot', 61),
(6201, 'Mike Bibby', '1979-04-21', 188, 'Base', 62),
(6202, 'Marvin Williams', '1986-11-21', 206, 'Alero', 62),
(6203, 'Jason Collins', '1988-06-01', 213, 'Pivot', 62),
(6301, 'Mario Chalmers', '1986-12-22', 185, 'Base', 63),
(6302, 'Dwyane Wade', '1981-07-11', 193, 'Escolta', 63),
(6303, 'Jamal Magloire', '1984-05-13', 211, 'Pivot', 63),
(6401, 'Gerald Henderson', '1988-12-12', 196, 'Base', 64),
(6402, 'Gerald Wallace', '1980-11-24', 201, 'Alero', 64),
(6403, 'Desagana Diop', '1985-05-23', 213, 'Pivot', 64),
(6501, 'Gilbert Arenas', '1983-01-01', 193, 'Base', 65),
(6502, 'Mike Miller', '1982-10-13', 203, 'Escolta', 65),
(6503, 'Brendan Haywood', '1989-07-24', 214, 'Pivot', 65);

-- --------------------------------------------------------

--
-- Estructura de tabla para la tabla `PARTIDOS`
--

CREATE TABLE `PARTIDOS` (
  `COD_PARTIDO` int(11) NOT NULL,
  `FECHA` date NOT NULL,
  `COD_EQUIPO1` int(11) NOT NULL,
  `COD_EQUIPO2` int(11) NOT NULL,
  `PUNTOS_EQUIPO1` int(11) NOT NULL,
  `PUNTOS_EQUIPO2` int(11) NOT NULL
) ENGINE=InnoDB DEFAULT CHARSET=latin1;

--
-- Volcado de datos para la tabla `PARTIDOS`
--

INSERT INTO `PARTIDOS` (`COD_PARTIDO`, `FECHA`, `COD_EQUIPO1`, `COD_EQUIPO2`, `PUNTOS_EQUIPO1`, `PUNTOS_EQUIPO2`) VALUES
(1, '2017-11-01', 11, 41, 90, 83),
(2, '2017-11-01', 13, 64, 75, 74),
(3, '2017-11-01', 21, 62, 90, 98),
(4, '2017-11-01', 24, 55, 87, 98),
(5, '2017-11-01', 32, 53, 95, 93),
(6, '2017-11-01', 35, 51, 99, 106),
(7, '2017-11-01', 13, 22, 89, 106),
(8, '2017-11-02', 21, 23, 106, 95),
(9, '2017-11-02', 24, 23, 82, 91),
(10, '2017-11-02', 32, 24, 92, 78),
(11, '2017-11-02', 35, 25, 102, 85),
(12, '2017-11-02', 13, 32, 64, 84),
(13, '2017-11-02', 21, 33, 104, 86),
(14, '2017-11-02', 24, 34, 114, 107),
(15, '2017-11-02', 32, 35, 94, 79),
(16, '2017-11-03', 41, 11, 106, 109),
(17, '2017-11-03', 43, 34, 81, 79),
(18, '2017-11-03', 51, 32, 74, 62),
(19, '2017-11-03', 54, 25, 98, 82),
(20, '2017-11-03', 62, 23, 107, 100),
(21, '2017-11-03', 65, 21, 86, 73),
(22, '2017-11-03', 43, 52, 97, 102),
(23, '2017-11-03', 51, 53, 97, 85),
(24, '2017-11-04', 54, 53, 101, 92),
(25, '2017-11-04', 62, 54, 85, 69),
(26, '2017-11-04', 65, 55, 105, 89),
(27, '2017-11-04', 43, 62, 94, 92),
(28, '2017-11-04', 51, 63, 91, 99),
(29, '2017-11-04', 54, 64, 80, 68),
(30, '2017-11-04', 62, 65, 102, 85),
(31, '2017-11-04', 11, 42, 124, 123),
(32, '2017-11-05', 13, 65, 102, 87),
(33, '2017-11-05', 21, 63, 105, 101),
(34, '2017-11-05', 24, 61, 101, 111),
(35, '2017-11-05', 32, 54, 101, 102),
(36, '2017-11-05', 35, 52, 88, 100),
(37, '2017-11-05', 13, 23, 113, 120),
(38, '2017-11-05', 21, 24, 88, 73),
(39, '2017-11-05', 24, 25, 52, 72),
(40, '2017-11-06', 32, 25, 88, 100),
(41, '2017-11-06', 35, 31, 104, 88),
(42, '2017-11-06', 13, 33, 112, 100),
(43, '2017-11-06', 21, 34, 102, 95),
(44, '2017-11-06', 24, 35, 81, 91),
(45, '2017-11-06', 33, 11, 124, 118),
(46, '2017-11-06', 41, 12, 83, 95),
(47, '2017-11-06', 43, 35, 84, 77),
(48, '2017-11-07', 51, 33, 127, 118),
(49, '2017-11-07', 54, 31, 97, 83),
(50, '2017-11-07', 62, 24, 101, 97),
(51, '2017-11-07', 65, 22, 70, 55),
(52, '2017-11-07', 43, 53, 103, 88),
(53, '2017-11-07', 51, 54, 59, 76),
(54, '2017-11-07', 54, 55, 108, 105),
(55, '2017-11-07', 62, 55, 105, 109),
(56, '2017-11-08', 65, 61, 89, 107),
(57, '2017-11-08', 43, 63, 81, 80),
(58, '2017-11-08', 51, 64, 94, 80),
(59, '2017-11-08', 54, 65, 84, 78),
(60, '2017-11-08', 63, 41, 70, 87),
(61, '2017-11-08', 11, 43, 79, 63),
(62, '2017-11-08', 14, 41, 98, 99),
(63, '2017-11-08', 21, 64, 86, 81),
(64, '2017-11-09', 24, 62, 73, 86),
(65, '2017-11-09', 32, 55, 90, 74),
(66, '2017-11-09', 35, 53, 74, 80),
(67, '2017-11-09', 13, 24, 94, 82),
(68, '2017-11-09', 21, 25, 123, 105),
(69, '2017-11-09', 24, 31, 94, 108),
(70, '2017-11-09', 32, 31, 99, 94),
(71, '2017-11-09', 35, 32, 116, 123),
(72, '2017-11-10', 13, 34, 102, 87),
(73, '2017-11-10', 21, 35, 92, 91),
(74, '2017-11-10', 25, 11, 85, 94),
(75, '2017-11-10', 33, 12, 121, 102),
(76, '2017-11-10', 41, 13, 92, 88),
(77, '2017-11-10', 44, 11, 102, 105),
(78, '2017-11-10', 51, 34, 110, 98),
(79, '2017-11-10', 54, 32, 82, 95),
(80, '2017-11-11', 62, 25, 126, 121),
(81, '2017-11-11', 65, 23, 91, 81),
(82, '2017-11-11', 43, 54, 100, 82),
(83, '2017-11-11', 51, 55, 93, 88),
(84, '2017-11-11', 54, 61, 105, 120),
(85, '2017-11-11', 62, 61, 98, 82),
(86, '2017-11-11', 65, 62, 100, 89),
(87, '2017-11-11', 43, 64, 75, 64),
(88, '2017-11-12', 51, 65, 105, 96),
(89, '2017-11-12', 55, 41, 85, 66),
(90, '2017-11-12', 63, 42, 97, 89),
(91, '2017-11-12', 11, 44, 104, 85),
(92, '2017-11-12', 14, 42, 98, 99),
(93, '2017-11-12', 21, 65, 81, 72),
(94, '2017-11-12', 24, 63, 108, 95),
(95, '2017-11-12', 32, 61, 84, 88),
(96, '2017-11-13', 35, 54, 94, 89),
(97, '2017-11-13', 13, 25, 115, 104),
(98, '2017-11-13', 21, 31, 101, 89),
(99, '2017-11-13', 24, 32, 93, 108),
(100, '2017-11-13', 32, 33, 82, 96),
(101, '2017-11-13', 35, 33, 112, 102),
(102, '2017-11-13', 13, 35, 75, 67),
(103, '2017-11-13', 22, 11, 72, 52),
(104, '2017-11-14', 25, 12, 101, 107),
(105, '2017-11-14', 33, 13, 101, 94),
(106, '2017-11-14', 41, 14, 101, 82),
(107, '2017-11-14', 44, 12, 95, 100),
(108, '2017-11-14', 51, 35, 93, 88),
(109, '2017-11-14', 54, 33, 105, 106),
(110, '2017-11-14', 62, 31, 83, 90),
(111, '2017-11-14', 65, 24, 82, 96),
(112, '2017-11-15', 43, 55, 105, 97),
(113, '2017-11-15', 51, 61, 86, 103),
(114, '2017-11-15', 54, 62, 106, 107),
(115, '2017-11-15', 62, 63, 103, 92),
(116, '2017-11-15', 65, 63, 79, 85),
(117, '2017-11-15', 43, 65, 80, 66),
(118, '2017-11-15', 52, 41, 55, 74),
(119, '2017-11-15', 55, 42, 105, 104),
(120, '2017-11-16', 63, 43, 103, 101),
(121, '2017-11-16', 11, 45, 92, 85),
(122, '2017-11-16', 14, 43, 69, 79),
(123, '2017-11-16', 22, 41, 102, 91),
(124, '2017-11-16', 24, 64, 104, 103),
(125, '2017-11-16', 32, 62, 85, 89),
(126, '2017-11-16', 35, 55, 101, 98),
(127, '2017-11-16', 13, 31, 111, 108),
(128, '2017-11-17', 21, 32, 95, 106),
(129, '2017-11-17', 24, 33, 86, 104),
(130, '2017-11-17', 32, 34, 108, 106),
(131, '2017-11-17', 35, 34, 84, 74),
(132, '2017-11-17', 14, 11, 68, 72),
(133, '2017-11-17', 22, 12, 86, 88),
(134, '2017-11-17', 25, 13, 98, 104),
(135, '2017-11-17', 33, 14, 84, 75),
(136, '2017-11-18', 41, 15, 97, 95),
(137, '2017-11-18', 44, 13, 108, 92),
(138, '2017-11-18', 52, 11, 107, 99),
(139, '2017-11-18', 54, 34, 98, 79),
(140, '2017-11-18', 62, 32, 117, 98),
(141, '2017-11-18', 65, 25, 124, 127),
(142, '2017-11-18', 43, 61, 104, 88),
(143, '2017-11-18', 51, 62, 86, 104),
(144, '2017-11-19', 54, 63, 99, 95),
(145, '2017-11-19', 62, 64, 83, 74),
(146, '2017-11-19', 65, 64, 89, 70),
(147, '2017-11-19', 44, 41, 107, 95),
(148, '2017-11-19', 52, 42, 100, 98),
(149, '2017-11-19', 55, 43, 102, 101),
(150, '2017-11-19', 63, 44, 72, 60),
(151, '2017-11-19', 11, 51, 91, 81),
(152, '2017-11-20', 14, 44, 89, 91),
(153, '2017-11-20', 22, 42, 77, 94),
(154, '2017-11-20', 24, 65, 55, 72),
(155, '2017-11-20', 32, 63, 83, 71),
(156, '2017-11-20', 35, 61, 92, 106),
(157, '2017-11-20', 13, 32, 111, 124),
(158, '2017-11-20', 21, 33, 74, 64),
(159, '2017-11-20', 24, 34, 103, 95),
(160, '2017-11-21', 32, 35, 86, 95),
(161, '2017-11-21', 11, 12, 92, 80),
(162, '2017-11-21', 14, 12, 102, 103),
(163, '2017-11-21', 22, 13, 85, 96),
(164, '2017-11-21', 25, 14, 88, 82),
(165, '2017-11-21', 33, 15, 72, 60),
(166, '2017-11-21', 41, 21, 89, 76),
(167, '2017-11-21', 44, 14, 97, 84),
(168, '2017-11-22', 52, 12, 90, 71),
(169, '2017-11-22', 54, 35, 97, 78),
(170, '2017-11-22', 62, 33, 87, 82),
(171, '2017-11-22', 65, 31, 89, 74),
(172, '2017-11-22', 43, 62, 105, 92),
(173, '2017-11-22', 51, 63, 91, 96),
(174, '2017-11-22', 54, 64, 112, 106),
(175, '2017-11-22', 62, 65, 70, 69),
(176, '2017-11-23', 41, 42, 86, 70),
(177, '2017-11-23', 44, 42, 87, 105),
(178, '2017-11-23', 52, 43, 87, 76),
(179, '2017-11-23', 55, 44, 104, 86),
(180, '2017-11-23', 63, 45, 87, 74),
(181, '2017-11-23', 11, 52, 73, 65),
(182, '2017-11-23', 14, 45, 108, 97),
(183, '2017-11-23', 22, 43, 95, 76),
(184, '2017-11-24', 25, 41, 103, 88),
(185, '2017-11-24', 32, 64, 103, 101),
(186, '2017-11-24', 35, 62, 90, 92),
(187, '2017-11-24', 13, 33, 101, 92),
(188, '2017-11-24', 21, 34, 82, 67),
(189, '2017-11-24', 24, 35, 86, 91),
(190, '2017-11-24', 33, 11, 95, 76),
(191, '2017-11-24', 11, 13, 112, 101),
(192, '2017-11-25', 14, 13, 72, 88),
(193, '2017-11-25', 22, 14, 109, 93),
(194, '2017-11-25', 25, 15, 75, 86),
(195, '2017-11-25', 33, 21, 79, 74),
(196, '2017-11-25', 41, 22, 83, 84),
(197, '2017-11-25', 44, 15, 90, 89),
(198, '2017-11-25', 52, 13, 118, 109),
(199, '2017-11-25', 55, 11, 80, 97),
(200, '2017-11-26', 62, 34, 119, 117),
(201, '2017-11-26', 65, 32, 106, 105),
(202, '2017-11-26', 43, 63, 80, 94),
(203, '2017-11-26', 51, 64, 108, 102),
(204, '2017-11-26', 54, 65, 92, 106),
(205, '2017-11-26', 63, 41, 80, 98),
(206, '2017-11-26', 41, 43, 98, 85),
(207, '2017-11-26', 44, 43, 95, 89),
(208, '2017-11-27', 52, 44, 106, 88),
(209, '2017-11-27', 55, 45, 99, 119),
(210, '2017-11-27', 63, 51, 109, 90),
(211, '2017-11-27', 11, 53, 108, 97),
(212, '2017-11-27', 14, 51, 88, 90),
(213, '2017-11-27', 22, 44, 89, 76),
(214, '2017-11-27', 25, 42, 74, 64),
(215, '2017-11-27', 32, 65, 88, 107),
(216, '2017-11-28', 35, 63, 68, 87),
(217, '2017-11-28', 13, 34, 104, 91),
(218, '2017-11-28', 21, 35, 100, 96),
(219, '2017-11-28', 25, 11, 90, 103),
(220, '2017-11-28', 33, 12, 102, 88),
(221, '2017-11-28', 11, 14, 79, 70),
(222, '2017-11-28', 14, 15, 107, 106),
(223, '2017-11-28', 22, 15, 85, 71),
(224, '2017-11-29', 25, 21, 93, 106),
(225, '2017-11-29', 33, 22, 102, 98),
(226, '2017-11-29', 41, 23, 102, 104),
(227, '2017-11-29', 44, 21, 90, 101),
(228, '2017-11-29', 52, 14, 95, 83),
(229, '2017-11-29', 55, 12, 72, 65),
(230, '2017-11-29', 62, 35, 126, 125),
(231, '2017-11-29', 65, 33, 70, 65),
(232, '2017-11-30', 43, 64, 72, 59),
(233, '2017-11-30', 51, 65, 92, 101),
(234, '2017-11-30', 55, 41, 90, 75),
(235, '2017-11-30', 63, 42, 76, 92),
(236, '2017-11-30', 41, 44, 102, 100),
(237, '2017-11-30', 44, 45, 85, 69),
(238, '2017-11-30', 52, 45, 110, 115),
(239, '2017-11-30', 55, 51, 103, 102),
(240, '2017-11-30', 63, 52, 99, 92),
(241, '2017-12-01', 11, 54, 94, 92),
(242, '2017-12-01', 14, 52, 93, 104),
(243, '2017-12-01', 22, 45, 105, 111),
(244, '2017-12-01', 25, 43, 106, 101),
(245, '2017-12-01', 33, 41, 76, 94),
(246, '2017-12-01', 35, 64, 105, 91),
(247, '2017-12-01', 13, 35, 91, 76),
(248, '2017-12-02', 22, 11, 98, 100),
(249, '2017-12-02', 25, 12, 105, 109),
(250, '2017-12-02', 33, 13, 91, 90),
(251, '2017-12-02', 11, 15, 110, 96),
(252, '2017-12-02', 14, 21, 88, 108),
(253, '2017-12-02', 22, 21, 93, 79),
(254, '2017-12-02', 25, 22, 105, 90),
(255, '2017-12-02', 33, 23, 83, 97),
(256, '2017-12-03', 41, 24, 94, 88),
(257, '2017-12-03', 44, 22, 91, 100),
(258, '2017-12-03', 52, 15, 94, 92),
(259, '2017-12-03', 55, 13, 82, 97),
(260, '2017-12-03', 63, 11, 74, 57),
(261, '2017-12-03', 65, 34, 73, 62),
(262, '2017-12-03', 43, 65, 92, 73),
(263, '2017-12-03', 52, 41, 75, 73),
(264, '2017-12-04', 55, 42, 93, 91),
(265, '2017-12-04', 63, 43, 72, 53),
(266, '2017-12-04', 41, 45, 82, 65),
(267, '2017-12-04', 44, 51, 79, 82),
(268, '2017-12-04', 52, 51, 102, 116),
(269, '2017-12-04', 55, 52, 104, 85),
(270, '2017-12-04', 63, 53, 95, 102),
(271, '2017-12-04', 11, 55, 92, 89),
(272, '2017-12-05', 14, 53, 115, 107),
(273, '2017-12-05', 22, 51, 103, 90),
(274, '2017-12-05', 25, 44, 106, 104),
(275, '2017-12-05', 33, 42, 83, 78),
(276, '2017-12-05', 35, 65, 76, 64),
(277, '2017-12-05', 14, 11, 101, 87),
(278, '2017-12-05', 22, 12, 109, 94),
(279, '2017-12-05', 25, 13, 86, 103),
(280, '2017-12-06', 33, 14, 80, 65),
(281, '2017-12-06', 11, 21, 58, 75),
(282, '2017-12-06', 14, 22, 96, 100),
(283, '2017-12-06', 22, 23, 107, 95),
(284, '2017-12-06', 25, 23, 88, 68),
(285, '2017-12-06', 33, 24, 102, 92),
(286, '2017-12-06', 41, 25, 85, 78),
(287, '2017-12-06', 44, 23, 99, 93),
(288, '2017-12-07', 52, 21, 105, 96),
(289, '2017-12-07', 55, 14, 124, 104),
(290, '2017-12-07', 63, 12, 107, 109),
(291, '2017-12-07', 65, 35, 107, 94),
(292, '2017-12-07', 44, 41, 88, 105),
(293, '2017-12-07', 52, 42, 96, 78),
(294, '2017-12-07', 55, 43, 128, 126),
(295, '2017-12-07', 63, 44, 97, 95),
(296, '2017-12-08', 41, 51, 108, 102),
(297, '2017-12-08', 44, 52, 86, 72),
(298, '2017-12-08', 52, 53, 107, 95),
(299, '2017-12-08', 55, 53, 87, 76),
(300, '2017-12-08', 63, 54, 99, 116),
(301, '2017-12-08', 11, 61, 71, 68),
(302, '2017-12-08', 14, 54, 61, 73),
(303, '2017-12-08', 22, 52, 84, 78),
(304, '2017-12-09', 25, 45, 77, 64),
(305, '2017-12-09', 33, 43, 95, 89),
(306, '2017-12-09', 11, 12, 103, 88),
(307, '2017-12-09', 14, 12, 91, 83),
(308, '2017-12-09', 22, 13, 93, 74),
(309, '2017-12-09', 25, 14, 91, 72),
(310, '2017-12-09', 33, 15, 93, 80),
(311, '2017-12-09', 11, 22, 98, 97),
(312, '2017-12-10', 14, 23, 84, 99),
(313, '2017-12-10', 22, 24, 84, 75),
(314, '2017-12-10', 25, 24, 113, 117),
(315, '2017-12-10', 33, 25, 96, 95),
(316, '2017-12-10', 41, 31, 105, 115),
(317, '2017-12-10', 44, 24, 97, 87),
(318, '2017-12-10', 52, 22, 100, 103),
(319, '2017-12-10', 55, 15, 108, 107),
(320, '2017-12-11', 63, 13, 95, 97),
(321, '2017-12-11', 41, 42, 112, 99),
(322, '2017-12-11', 44, 42, 100, 84),
(323, '2017-12-11', 52, 43, 109, 100),
(324, '2017-12-11', 55, 44, 98, 96),
(325, '2017-12-11', 63, 45, 91, 86),
(326, '2017-12-11', 41, 52, 107, 101),
(327, '2017-12-11', 44, 53, 89, 106),
(328, '2017-12-12', 52, 54, 109, 89),
(329, '2017-12-12', 55, 54, 107, 92),
(330, '2017-12-12', 63, 55, 128, 127),
(331, '2017-12-12', 11, 62, 109, 93),
(332, '2017-12-12', 14, 55, 105, 85),
(333, '2017-12-12', 22, 53, 105, 91),
(334, '2017-12-12', 25, 51, 102, 84),
(335, '2017-12-12', 33, 44, 100, 102),
(336, '2017-12-13', 11, 13, 94, 107),
(337, '2017-12-13', 14, 13, 98, 109),
(338, '2017-12-13', 22, 14, 90, 70),
(339, '2017-12-13', 25, 15, 96, 103),
(340, '2017-12-13', 33, 21, 75, 72),
(341, '2017-12-13', 11, 23, 72, 68),
(342, '2017-12-13', 14, 24, 99, 97),
(343, '2017-12-13', 22, 25, 70, 74),
(344, '2017-12-14', 25, 31, 81, 70),
(345, '2017-12-14', 33, 31, 87, 93),
(346, '2017-12-14', 41, 32, 86, 80),
(347, '2017-12-14', 44, 25, 73, 69),
(348, '2017-12-14', 52, 23, 98, 90),
(349, '2017-12-14', 55, 21, 85, 100),
(350, '2017-12-14', 63, 14, 83, 73),
(351, '2017-12-14', 41, 43, 91, 77),
(352, '2017-12-15', 44, 43, 102, 121),
(353, '2017-12-15', 52, 44, 70, 65),
(354, '2017-12-15', 55, 45, 97, 108),
(355, '2017-12-15', 63, 51, 121, 105),
(356, '2017-12-15', 41, 53, 79, 78),
(357, '2017-12-15', 44, 54, 109, 96),
(358, '2017-12-15', 52, 55, 109, 102),
(359, '2017-12-15', 55, 61, 104, 88),
(360, '2017-12-16', 63, 61, 90, 79),
(361, '2017-12-16', 11, 63, 78, 72),
(362, '2017-12-16', 14, 61, 97, 105),
(363, '2017-12-16', 22, 54, 123, 125),
(364, '2017-12-16', 25, 52, 82, 95),
(365, '2017-12-16', 33, 45, 86, 91),
(366, '2017-12-16', 11, 14, 107, 96),
(367, '2017-12-16', 14, 15, 97, 88),
(368, '2017-12-17', 22, 15, 90, 103),
(369, '2017-12-17', 25, 21, 105, 99),
(370, '2017-12-17', 33, 22, 97, 108),
(371, '2017-12-17', 11, 24, 114, 102),
(372, '2017-12-17', 14, 25, 92, 75),
(373, '2017-12-17', 22, 31, 88, 100),
(374, '2017-12-17', 25, 32, 127, 124),
(375, '2017-12-17', 33, 32, 73, 54),
(376, '2017-12-18', 41, 33, 105, 125),
(377, '2017-12-18', 44, 31, 86, 72),
(378, '2017-12-18', 52, 24, 86, 98),
(379, '2017-12-18', 55, 22, 103, 94),
(380, '2017-12-18', 63, 15, 106, 93),
(381, '2017-12-18', 41, 44, 121, 113),
(382, '2017-12-18', 44, 45, 106, 108),
(383, '2017-12-18', 52, 45, 108, 99),
(384, '2017-12-19', 55, 51, 102, 90),
(385, '2017-12-19', 63, 52, 102, 121),
(386, '2017-12-19', 41, 54, 127, 114),
(387, '2017-12-19', 44, 55, 91, 94),
(388, '2017-12-19', 52, 61, 94, 86),
(389, '2017-12-19', 55, 62, 79, 95),
(390, '2017-12-19', 63, 62, 82, 68),
(391, '2017-12-19', 11, 64, 90, 87),
(392, '2017-12-20', 14, 62, 83, 91),
(393, '2017-12-20', 22, 55, 82, 98),
(394, '2017-12-20', 25, 53, 93, 101),
(395, '2017-12-20', 33, 51, 101, 103),
(396, '2017-12-20', 11, 15, 94, 90),
(397, '2017-12-20', 14, 21, 106, 101),
(398, '2017-12-20', 22, 21, 87, 69),
(399, '2017-12-20', 25, 22, 105, 93),
(400, '2017-12-21', 33, 23, 87, 106),
(401, '2017-12-21', 11, 25, 109, 93),
(402, '2017-12-21', 14, 31, 95, 109),
(403, '2017-12-21', 22, 32, 91, 81),
(404, '2017-12-21', 25, 33, 100, 103),
(405, '2017-12-21', 33, 34, 104, 122),
(406, '2017-12-21', 41, 34, 85, 73),
(407, '2017-12-21', 44, 32, 83, 67),
(408, '2017-12-22', 52, 25, 113, 95),
(409, '2017-12-22', 55, 23, 78, 85),
(410, '2017-12-22', 63, 21, 85, 103),
(411, '2017-12-22', 41, 45, 99, 107),
(412, '2017-12-22', 44, 51, 100, 95),
(413, '2017-12-22', 52, 51, 106, 86),
(414, '2017-12-22', 55, 52, 96, 104),
(415, '2017-12-22', 63, 53, 109, 90),
(416, '2017-12-23', 41, 55, 101, 82),
(417, '2017-12-23', 44, 61, 68, 71),
(418, '2017-12-23', 52, 62, 126, 107),
(419, '2017-12-23', 55, 63, 96, 90),
(420, '2017-12-23', 63, 64, 95, 101),
(421, '2017-12-23', 11, 65, 85, 86),
(422, '2017-12-23', 14, 63, 93, 94),
(423, '2017-12-23', 22, 61, 87, 97),
(424, '2017-12-24', 25, 54, 106, 88),
(425, '2017-12-24', 33, 52, 68, 84),
(426, '2017-12-24', 11, 21, 81, 85),
(427, '2017-12-24', 14, 22, 104, 106),
(428, '2017-12-24', 22, 23, 108, 89),
(429, '2017-12-24', 25, 23, 66, 73),
(430, '2017-12-24', 33, 24, 105, 100),
(431, '2017-12-24', 11, 31, 70, 72),
(432, '2017-12-25', 14, 32, 82, 95),
(433, '2017-12-25', 22, 33, 94, 92),
(434, '2017-12-25', 25, 34, 101, 85),
(435, '2017-12-25', 33, 35, 103, 96),
(436, '2017-12-25', 41, 35, 107, 92),
(437, '2017-12-25', 44, 33, 75, 65),
(438, '2017-12-25', 52, 31, 97, 107),
(439, '2017-12-25', 55, 24, 58, 77),
(440, '2017-12-26', 63, 22, 100, 91),
(441, '2017-12-26', 41, 51, 83, 93),
(442, '2017-12-26', 44, 52, 103, 97),
(443, '2017-12-26', 52, 53, 71, 83),
(444, '2017-12-26', 55, 53, 93, 95),
(445, '2017-12-26', 63, 54, 129, 127),
(446, '2017-12-26', 41, 61, 74, 92),
(447, '2017-12-26', 44, 62, 82, 96),
(448, '2017-12-27', 52, 63, 87, 95),
(449, '2017-12-27', 55, 64, 129, 119),
(450, '2017-12-27', 63, 65, 70, 88),
(451, '2017-12-27', 12, 41, 103, 105),
(452, '2017-12-27', 14, 64, 96, 86),
(453, '2017-12-27', 22, 62, 98, 107),
(454, '2017-12-27', 25, 55, 105, 102),
(455, '2017-12-27', 33, 53, 105, 96),
(456, '2017-12-28', 11, 22, 100, 91),
(457, '2017-12-28', 14, 23, 104, 99),
(458, '2017-12-28', 22, 24, 98, 86),
(459, '2017-12-28', 25, 24, 99, 100),
(460, '2017-12-28', 33, 25, 77, 61),
(461, '2017-12-28', 11, 32, 109, 108),
(462, '2017-12-28', 14, 33, 105, 108),
(463, '2017-12-28', 22, 34, 101, 85),
(464, '2017-12-29', 25, 35, 103, 97),
(465, '2017-12-29', 34, 11, 96, 103),
(466, '2017-12-29', 42, 11, 93, 79),
(467, '2017-12-29', 44, 34, 106, 93),
(468, '2017-12-29', 52, 32, 114, 96),
(469, '2017-12-29', 55, 25, 77, 78),
(470, '2017-12-29', 63, 23, 90, 104),
(471, '2017-12-29', 41, 52, 94, 87),
(472, '2017-12-30', 44, 53, 104, 97),
(473, '2017-12-30', 52, 54, 102, 104),
(474, '2017-12-30', 55, 54, 112, 103),
(475, '2017-12-30', 63, 55, 81, 73),
(476, '2017-12-30', 41, 62, 108, 109),
(477, '2017-12-30', 44, 63, 87, 72),
(478, '2017-12-30', 52, 64, 91, 95),
(479, '2017-12-30', 55, 65, 102, 101),
(480, '2017-12-31', 64, 41, 84, 81),
(481, '2017-12-31', 12, 42, 88, 105),
(482, '2017-12-31', 14, 65, 82, 77),
(483, '2017-12-31', 22, 63, 73, 65),
(484, '2017-12-31', 25, 61, 105, 96),
(485, '2017-12-31', 33, 54, 107, 88),
(486, '2017-12-31', 11, 23, 92, 88),
(487, '2017-12-31', 14, 24, 82, 71),
(488, '2017-12-31', 22, 25, 96, 84),
(489, '2018-01-01', 25, 31, 91, 109),
(490, '2018-01-01', 33, 31, 101, 85),
(491, '2018-01-01', 11, 33, 107, 101),
(492, '2018-01-01', 14, 34, 77, 87),
(493, '2018-01-01', 22, 35, 89, 85),
(494, '2018-01-01', 31, 11, 82, 80),
(495, '2018-01-01', 34, 12, 97, 83),
(496, '2018-01-02', 42, 12, 90, 89),
(497, '2018-01-02', 44, 35, 88, 87),
(498, '2018-01-02', 52, 33, 92, 109),
(499, '2018-01-02', 55, 31, 87, 82),
(500, '2018-01-02', 63, 24, 90, 72),
(501, '2018-01-02', 41, 53, 80, 96),
(502, '2018-01-02', 44, 54, 102, 108),
(503, '2018-01-02', 52, 55, 82, 77),
(504, '2018-01-03', 55, 61, 85, 94),
(505, '2018-01-03', 63, 61, 61, 70),
(506, '2018-01-03', 41, 63, 107, 103),
(507, '2018-01-03', 44, 64, 109, 96),
(508, '2018-01-03', 52, 65, 93, 104),
(509, '2018-01-03', 61, 41, 98, 84),
(510, '2018-01-03', 64, 42, 98, 100),
(511, '2018-01-03', 12, 43, 73, 57),
(512, '2018-01-04', 15, 41, 100, 106),
(513, '2018-01-04', 22, 64, 91, 89),
(514, '2018-01-04', 25, 62, 115, 116),
(515, '2018-01-04', 33, 55, 91, 75),
(516, '2018-01-04', 11, 24, 103, 86),
(517, '2018-01-04', 14, 25, 70, 73),
(518, '2018-01-04', 22, 31, 87, 75),
(519, '2018-01-04', 25, 32, 101, 93),
(520, '2018-01-05', 33, 32, 106, 105),
(521, '2018-01-05', 11, 34, 96, 107),
(522, '2018-01-05', 14, 35, 117, 110),
(523, '2018-01-05', 23, 11, 72, 53),
(524, '2018-01-05', 31, 12, 79, 64),
(525, '2018-01-05', 34, 13, 93, 100),
(526, '2018-01-05', 42, 13, 73, 65),
(527, '2018-01-05', 45, 11, 106, 100),
(528, '2018-01-06', 52, 34, 76, 93),
(529, '2018-01-06', 55, 32, 99, 94),
(530, '2018-01-06', 63, 25, 87, 106),
(531, '2018-01-06', 41, 54, 84, 87),
(532, '2018-01-06', 44, 55, 89, 83),
(533, '2018-01-06', 52, 61, 94, 81),
(534, '2018-01-06', 55, 62, 96, 106),
(535, '2018-01-06', 63, 62, 113, 114),
(536, '2018-01-07', 41, 64, 118, 117),
(537, '2018-01-07', 44, 65, 96, 107),
(538, '2018-01-07', 53, 41, 104, 100),
(539, '2018-01-07', 61, 42, 123, 122),
(540, '2018-01-07', 64, 43, 82, 81),
(541, '2018-01-07', 12, 44, 93, 97),
(542, '2018-01-07', 15, 42, 86, 104),
(543, '2018-01-07', 22, 65, 78, 69),
(544, '2018-01-08', 25, 63, 102, 100),
(545, '2018-01-08', 33, 61, 68, 72),
(546, '2018-01-08', 11, 25, 106, 95),
(547, '2018-01-08', 14, 31, 95, 96),
(548, '2018-01-08', 22, 32, 98, 87),
(549, '2018-01-08', 25, 33, 85, 83),
(550, '2018-01-08', 33, 34, 110, 98),
(551, '2018-01-08', 11, 35, 101, 88),
(552, '2018-01-09', 15, 11, 92, 108),
(553, '2018-01-09', 23, 12, 126, 120),
(554, '2018-01-09', 31, 13, 89, 83),
(555, '2018-01-09', 34, 14, 103, 120),
(556, '2018-01-09', 42, 14, 88, 81),
(557, '2018-01-09', 45, 12, 97, 79),
(558, '2018-01-09', 52, 35, 107, 104),
(559, '2018-01-09', 55, 33, 96, 103),
(560, '2018-01-10', 63, 31, 108, 93),
(561, '2018-01-10', 41, 55, 95, 81),
(562, '2018-01-10', 44, 61, 91, 106),
(563, '2018-01-10', 52, 62, 115, 96),
(564, '2018-01-10', 55, 63, 99, 83),
(565, '2018-01-10', 63, 64, 81, 100),
(566, '2018-01-10', 41, 65, 94, 92),
(567, '2018-01-10', 45, 41, 79, 82),
(568, '2018-01-11', 53, 42, 98, 94),
(569, '2018-01-11', 61, 43, 85, 105),
(570, '2018-01-11', 64, 44, 104, 93),
(571, '2018-01-11', 12, 45, 84, 82),
(572, '2018-01-11', 15, 43, 103, 99),
(573, '2018-01-11', 23, 41, 104, 96),
(574, '2018-01-11', 25, 64, 89, 75),
(575, '2018-01-11', 33, 62, 103, 90),
(576, '2018-01-12', 11, 31, 88, 93),
(577, '2018-01-12', 14, 32, 106, 93),
(578, '2018-01-12', 22, 33, 86, 74),
(579, '2018-01-12', 25, 34, 102, 103),
(580, '2018-01-12', 33, 35, 102, 90),
(581, '2018-01-12', 12, 11, 89, 105),
(582, '2018-01-12', 15, 12, 84, 102),
(583, '2018-01-12', 23, 13, 97, 82),
(584, '2018-01-13', 31, 14, 56, 73),
(585, '2018-01-13', 34, 15, 102, 88),
(586, '2018-01-13', 42, 15, 79, 62),
(587, '2018-01-13', 45, 13, 67, 85),
(588, '2018-01-13', 53, 11, 109, 117),
(589, '2018-01-13', 55, 34, 99, 101),
(590, '2018-01-13', 63, 32, 95, 100),
(591, '2018-01-13', 41, 61, 105, 95),
(592, '2018-01-14', 44, 62, 114, 112),
(593, '2018-01-14', 52, 63, 90, 79),
(594, '2018-01-14', 55, 64, 97, 108),
(595, '2018-01-14', 63, 65, 83, 74),
(596, '2018-01-14', 42, 41, 96, 93),
(597, '2018-01-14', 45, 42, 101, 109),
(598, '2018-01-14', 53, 43, 99, 91),
(599, '2018-01-14', 61, 44, 87, 78),
(600, '2018-01-15', 64, 45, 99, 86),
(601, '2018-01-15', 12, 51, 107, 91),
(602, '2018-01-15', 15, 44, 90, 80),
(603, '2018-01-15', 23, 42, 103, 104),
(604, '2018-01-15', 25, 65, 89, 106),
(605, '2018-01-15', 33, 63, 129, 116),
(606, '2018-01-15', 11, 32, 106, 88),
(607, '2018-01-15', 14, 33, 71, 85),
(608, '2018-01-16', 22, 34, 122, 104),
(609, '2018-01-16', 25, 35, 102, 106),
(610, '2018-01-16', 34, 11, 99, 110),
(611, '2018-01-16', 12, 13, 78, 91),
(612, '2018-01-16', 15, 13, 52, 72),
(613, '2018-01-16', 23, 14, 107, 100),
(614, '2018-01-16', 31, 15, 91, 81),
(615, '2018-01-16', 34, 21, 90, 100),
(616, '2018-01-17', 42, 21, 88, 101),
(617, '2018-01-17', 45, 14, 94, 85),
(618, '2018-01-17', 53, 12, 102, 96),
(619, '2018-01-17', 55, 35, 108, 90),
(620, '2018-01-17', 63, 33, 116, 114),
(621, '2018-01-17', 41, 62, 100, 104),
(622, '2018-01-17', 44, 63, 90, 98),
(623, '2018-01-17', 52, 64, 65, 77),
(624, '2018-01-18', 55, 65, 93, 86),
(625, '2018-01-18', 64, 41, 104, 95),
(626, '2018-01-18', 42, 43, 106, 95),
(627, '2018-01-18', 45, 43, 101, 86),
(628, '2018-01-18', 53, 44, 97, 100),
(629, '2018-01-18', 61, 45, 91, 84),
(630, '2018-01-18', 64, 51, 95, 102),
(631, '2018-01-18', 12, 52, 84, 65),
(632, '2018-01-19', 15, 45, 111, 123),
(633, '2018-01-19', 23, 43, 92, 96),
(634, '2018-01-19', 31, 41, 100, 95),
(635, '2018-01-19', 33, 64, 106, 95),
(636, '2018-01-19', 11, 33, 88, 69),
(637, '2018-01-19', 14, 34, 102, 119),
(638, '2018-01-19', 22, 35, 109, 107),
(639, '2018-01-19', 31, 11, 115, 110),
(640, '2018-01-20', 34, 12, 90, 94),
(641, '2018-01-20', 12, 14, 100, 84),
(642, '2018-01-20', 15, 14, 105, 102),
(643, '2018-01-20', 23, 15, 98, 81),
(644, '2018-01-20', 31, 21, 101, 109),
(645, '2018-01-20', 34, 22, 94, 108),
(646, '2018-01-20', 42, 22, 60, 73),
(647, '2018-01-20', 45, 15, 127, 115),
(648, '2018-01-21', 53, 13, 103, 102),
(649, '2018-01-21', 61, 11, 105, 86),
(650, '2018-01-21', 63, 34, 82, 66),
(651, '2018-01-21', 41, 63, 93, 85),
(652, '2018-01-21', 44, 64, 96, 102),
(653, '2018-01-21', 52, 65, 83, 93),
(654, '2018-01-21', 61, 41, 86, 69),
(655, '2018-01-21', 64, 42, 95, 85),
(656, '2018-01-22', 42, 44, 103, 104),
(657, '2018-01-22', 45, 44, 101, 100),
(658, '2018-01-22', 53, 45, 102, 94),
(659, '2018-01-22', 61, 51, 96, 86),
(660, '2018-01-22', 64, 52, 98, 79),
(661, '2018-01-22', 12, 53, 92, 77),
(662, '2018-01-22', 15, 51, 94, 80),
(663, '2018-01-22', 23, 44, 74, 69),
(664, '2018-01-23', 31, 42, 107, 92),
(665, '2018-01-23', 33, 65, 103, 85),
(666, '2018-01-23', 11, 34, 92, 76),
(667, '2018-01-23', 14, 35, 99, 83),
(668, '2018-01-23', 23, 11, 103, 109),
(669, '2018-01-23', 31, 12, 112, 104),
(670, '2018-01-23', 34, 13, 93, 89),
(671, '2018-01-23', 12, 15, 96, 82),
(672, '2018-01-24', 15, 21, 94, 101),
(673, '2018-01-24', 23, 21, 103, 90),
(674, '2018-01-24', 31, 22, 96, 83),
(675, '2018-01-24', 34, 23, 100, 99),
(676, '2018-01-24', 42, 23, 103, 86),
(677, '2018-01-24', 45, 21, 99, 106),
(678, '2018-01-24', 53, 14, 94, 86),
(679, '2018-01-24', 61, 12, 90, 86),
(680, '2018-01-25', 63, 35, 102, 94),
(681, '2018-01-25', 41, 64, 70, 57),
(682, '2018-01-25', 44, 65, 79, 66),
(683, '2018-01-25', 53, 41, 98, 87),
(684, '2018-01-25', 61, 42, 87, 106),
(685, '2018-01-25', 64, 43, 108, 109),
(686, '2018-01-25', 42, 45, 91, 86),
(687, '2018-01-25', 45, 51, 109, 91),
(688, '2018-01-26', 53, 51, 100, 83),
(689, '2018-01-26', 61, 52, 123, 122),
(690, '2018-01-26', 64, 53, 86, 67),
(691, '2018-01-26', 12, 54, 98, 91),
(692, '2018-01-26', 15, 52, 92, 93),
(693, '2018-01-26', 23, 45, 86, 101),
(694, '2018-01-26', 31, 43, 92, 78),
(695, '2018-01-26', 34, 41, 82, 78),
(696, '2018-01-27', 11, 35, 90, 84),
(697, '2018-01-27', 15, 11, 95, 99),
(698, '2018-01-27', 23, 12, 76, 95),
(699, '2018-01-27', 31, 13, 100, 81),
(700, '2018-01-27', 34, 14, 90, 85),
(701, '2018-01-27', 12, 21, 76, 77),
(702, '2018-01-27', 15, 22, 78, 58),
(703, '2018-01-27', 23, 22, 103, 102),
(704, '2018-01-28', 31, 23, 94, 78),
(705, '2018-01-28', 34, 24, 104, 95),
(706, '2018-01-28', 42, 24, 83, 79),
(707, '2018-01-28', 45, 22, 105, 98),
(708, '2018-01-28', 53, 15, 101, 82),
(709, '2018-01-28', 61, 13, 100, 83),
(710, '2018-01-28', 64, 11, 92, 87),
(711, '2018-01-28', 41, 65, 92, 82),
(712, '2018-01-29', 45, 41, 95, 76),
(713, '2018-01-29', 53, 42, 79, 93),
(714, '2018-01-29', 61, 43, 108, 107),
(715, '2018-01-29', 64, 44, 117, 127),
(716, '2018-01-29', 42, 51, 72, 90),
(717, '2018-01-29', 45, 52, 77, 60),
(718, '2018-01-29', 53, 52, 72, 69),
(719, '2018-01-29', 61, 53, 105, 103),
(720, '2018-01-30', 64, 54, 89, 86),
(721, '2018-01-30', 12, 55, 70, 67),
(722, '2018-01-30', 15, 53, 86, 66),
(723, '2018-01-30', 23, 51, 93, 109),
(724, '2018-01-30', 31, 44, 106, 101),
(725, '2018-01-30', 34, 42, 60, 77),
(726, '2018-01-30', 12, 11, 102, 121),
(727, '2018-01-30', 15, 12, 83, 95),
(728, '2018-01-31', 23, 13, 86, 74),
(729, '2018-01-31', 31, 14, 100, 82),
(730, '2018-01-31', 34, 15, 76, 68),
(731, '2018-01-31', 12, 22, 87, 101),
(732, '2018-01-31', 15, 23, 79, 90),
(733, '2018-01-31', 23, 24, 67, 78),
(734, '2018-01-31', 31, 24, 116, 106),
(735, '2018-01-31', 34, 25, 95, 105),
(736, '2018-01-31', 42, 25, 77, 72),
(737, '2018-02-01', 45, 23, 105, 91),
(738, '2018-02-01', 53, 21, 84, 85),
(739, '2018-02-01', 61, 14, 120, 115),
(740, '2018-02-01', 64, 12, 116, 122),
(741, '2018-02-01', 42, 41, 87, 86),
(742, '2018-02-01', 45, 42, 122, 102),
(743, '2018-02-01', 53, 43, 84, 80),
(744, '2018-02-02', 61, 44, 87, 69),
(745, '2018-02-02', 64, 45, 87, 77),
(746, '2018-02-02', 42, 52, 76, 87),
(747, '2018-02-02', 45, 53, 106, 100),
(748, '2018-02-02', 53, 54, 104, 85),
(749, '2018-02-02', 61, 54, 108, 98),
(750, '2018-02-02', 64, 55, 86, 93),
(751, '2018-02-02', 12, 61, 79, 96),
(752, '2018-02-03', 15, 54, 105, 101),
(753, '2018-02-03', 23, 52, 101, 103),
(754, '2018-02-03', 31, 45, 92, 89),
(755, '2018-02-03', 34, 43, 107, 126),
(756, '2018-02-03', 12, 13, 91, 76),
(757, '2018-02-03', 15, 13, 87, 102),
(758, '2018-02-03', 23, 14, 91, 80),
(759, '2018-02-03', 31, 15, 95, 108),
(760, '2018-02-04', 34, 21, 92, 100),
(761, '2018-02-04', 12, 23, 108, 89),
(762, '2018-02-04', 15, 24, 77, 82),
(763, '2018-02-04', 23, 25, 99, 97),
(764, '2018-02-04', 31, 25, 96, 90),
(765, '2018-02-04', 34, 31, 102, 119),
(766, '2018-02-04', 42, 31, 94, 75),
(767, '2018-02-04', 45, 24, 102, 90),
(768, '2018-02-05', 53, 22, 107, 95),
(769, '2018-02-05', 61, 15, 103, 83),
(770, '2018-02-05', 64, 13, 112, 117),
(771, '2018-02-05', 42, 43, 53, 71),
(772, '2018-02-05', 45, 43, 83, 94),
(773, '2018-02-05', 53, 44, 101, 96),
(774, '2018-02-05', 61, 45, 120, 110),
(775, '2018-02-05', 64, 51, 105, 91),
(776, '2018-02-06', 42, 53, 92, 84),
(777, '2018-02-06', 45, 54, 109, 100),
(778, '2018-02-06', 53, 55, 99, 81),
(779, '2018-02-06', 61, 55, 71, 60),
(780, '2018-02-06', 64, 61, 104, 106),
(781, '2018-02-06', 12, 62, 82, 80),
(782, '2018-02-06', 15, 55, 75, 91),
(783, '2018-02-06', 23, 53, 95, 102),
(784, '2018-02-07', 31, 51, 72, 92),
(785, '2018-02-07', 34, 44, 71, 89),
(786, '2018-02-07', 12, 14, 104, 92),
(787, '2018-02-07', 15, 14, 96, 78),
(788, '2018-02-07', 23, 15, 77, 92),
(789, '2018-02-07', 31, 21, 106, 89),
(790, '2018-02-07', 34, 22, 92, 107),
(791, '2018-02-07', 12, 24, 102, 95),
(792, '2018-02-08', 15, 25, 93, 101),
(793, '2018-02-08', 23, 31, 114, 117),
(794, '2018-02-08', 31, 32, 92, 93),
(795, '2018-02-08', 34, 32, 111, 118),
(796, '2018-02-08', 42, 32, 99, 96),
(797, '2018-02-08', 45, 25, 116, 122),
(798, '2018-02-08', 53, 23, 104, 92),
(799, '2018-02-08', 61, 21, 107, 101),
(800, '2018-02-09', 64, 14, 108, 89),
(801, '2018-02-09', 42, 44, 96, 93),
(802, '2018-02-09', 45, 44, 90, 88),
(803, '2018-02-09', 53, 45, 77, 58),
(804, '2018-02-09', 61, 51, 68, 76),
(805, '2018-02-09', 64, 52, 104, 85),
(806, '2018-02-09', 42, 54, 73, 69),
(807, '2018-02-09', 45, 55, 107, 92),
(808, '2018-02-10', 53, 61, 78, 73),
(809, '2018-02-10', 61, 62, 86, 73),
(810, '2018-02-10', 64, 62, 76, 89),
(811, '2018-02-10', 12, 63, 77, 95),
(812, '2018-02-10', 15, 61, 83, 91),
(813, '2018-02-10', 23, 54, 84, 97),
(814, '2018-02-10', 31, 52, 81, 76),
(815, '2018-02-10', 34, 45, 81, 83),
(816, '2018-02-11', 12, 15, 78, 74),
(817, '2018-02-11', 15, 21, 102, 108),
(818, '2018-02-11', 23, 21, 92, 86),
(819, '2018-02-11', 31, 22, 56, 76),
(820, '2018-02-11', 34, 23, 112, 128),
(821, '2018-02-11', 12, 25, 88, 85),
(822, '2018-02-11', 15, 31, 72, 71),
(823, '2018-02-11', 23, 32, 77, 97),
(824, '2018-02-12', 31, 33, 67, 81),
(825, '2018-02-12', 34, 33, 86, 99),
(826, '2018-02-12', 42, 33, 87, 99),
(827, '2018-02-12', 45, 31, 97, 108),
(828, '2018-02-12', 53, 24, 110, 128),
(829, '2018-02-12', 61, 22, 94, 93),
(830, '2018-02-12', 64, 15, 89, 80),
(831, '2018-02-12', 42, 45, 101, 108),
(832, '2018-02-13', 45, 51, 109, 97),
(833, '2018-02-13', 53, 51, 70, 80),
(834, '2018-02-13', 61, 52, 108, 106),
(835, '2018-02-13', 64, 53, 88, 89),
(836, '2018-02-13', 42, 55, 72, 53),
(837, '2018-02-13', 45, 61, 105, 91),
(838, '2018-02-13', 53, 62, 99, 104),
(839, '2018-02-13', 61, 63, 73, 84),
(840, '2018-02-14', 64, 63, 103, 86),
(841, '2018-02-14', 12, 64, 93, 81),
(842, '2018-02-14', 15, 62, 112, 113),
(843, '2018-02-14', 23, 55, 62, 82),
(844, '2018-02-14', 31, 53, 72, 71),
(845, '2018-02-14', 34, 51, 82, 96),
(846, '2018-02-14', 12, 21, 89, 70),
(847, '2018-02-14', 15, 22, 68, 87),
(848, '0000-00-00', 23, 22, 108, 100),
(849, '0000-00-00', 31, 23, 101, 96),
(850, '0000-00-00', 34, 24, 102, 105),
(851, '0000-00-00', 12, 31, 97, 82),
(852, '0000-00-00', 15, 32, 90, 74),
(853, '0000-00-00', 23, 33, 93, 85),
(854, '0000-00-00', 31, 34, 82, 63),
(855, '0000-00-00', 34, 35, 91, 86),
(856, '2018-02-16', 42, 34, 86, 73),
(857, '2018-02-16', 45, 32, 93, 75),
(858, '2018-02-16', 53, 25, 88, 81),
(859, '2018-02-16', 61, 23, 100, 88),
(860, '2018-02-16', 64, 21, 71, 59),
(861, '2018-02-16', 42, 51, 85, 77),
(862, '2018-02-16', 45, 52, 63, 71),
(863, '2018-02-16', 53, 52, 96, 94),
(864, '2018-02-17', 61, 53, 78, 77),
(865, '2018-02-17', 64, 54, 102, 92),
(866, '2018-02-17', 42, 61, 104, 91),
(867, '2018-02-17', 45, 62, 100, 88),
(868, '2018-02-17', 53, 63, 63, 79),
(869, '2018-02-17', 61, 64, 104, 96),
(870, '2018-02-17', 64, 65, 80, 100),
(871, '2018-02-17', 12, 65, 90, 85),
(872, '2018-02-18', 15, 63, 74, 91),
(873, '2018-02-18', 23, 61, 91, 105),
(874, '2018-02-18', 31, 54, 84, 70),
(875, '2018-02-18', 34, 52, 105, 100),
(876, '2018-02-18', 12, 22, 80, 94),
(877, '2018-02-18', 15, 23, 101, 96),
(878, '2018-02-18', 23, 24, 88, 101),
(879, '2018-02-18', 31, 24, 103, 85),
(880, '2018-02-19', 34, 25, 104, 91),
(881, '2018-02-19', 12, 32, 100, 81),
(882, '2018-02-19', 15, 33, 86, 101),
(883, '2018-02-19', 23, 34, 85, 102),
(884, '2018-02-19', 31, 35, 95, 84),
(885, '2018-02-19', 35, 11, 87, 98),
(886, '2018-02-19', 42, 35, 96, 80),
(887, '2018-02-19', 45, 33, 89, 106),
(888, '2018-02-20', 53, 31, 99, 95),
(889, '2018-02-20', 61, 24, 100, 83),
(890, '2018-02-20', 64, 22, 114, 117),
(891, '2018-02-20', 42, 52, 107, 110),
(892, '2018-02-20', 45, 53, 92, 77),
(893, '2018-02-20', 53, 54, 100, 103),
(894, '2018-02-20', 61, 54, 85, 76),
(895, '2018-02-20', 64, 55, 90, 89),
(896, '2018-02-21', 42, 62, 93, 92),
(897, '2018-02-21', 45, 63, 109, 108),
(898, '2018-02-21', 53, 64, 90, 89),
(899, '2018-02-21', 61, 65, 102, 93),
(900, '2018-02-21', 65, 41, 92, 97),
(901, '2018-02-21', 13, 41, 68, 70),
(902, '2018-02-21', 15, 64, 96, 100),
(903, '2018-02-21', 23, 62, 102, 104),
(904, '2018-02-22', 31, 55, 104, 84),
(905, '2018-02-22', 34, 53, 106, 90),
(906, '2018-02-22', 12, 23, 91, 79),
(907, '2018-02-22', 15, 24, 90, 94),
(908, '2018-02-22', 23, 25, 94, 83),
(909, '2018-02-22', 31, 25, 102, 101),
(910, '2018-02-22', 34, 31, 77, 87),
(911, '2018-02-22', 12, 33, 102, 90),
(912, '2018-02-23', 15, 34, 111, 113),
(913, '2018-02-23', 23, 35, 94, 93),
(914, '2018-02-23', 32, 11, 73, 65),
(915, '2018-02-23', 35, 12, 80, 98),
(916, '2018-02-23', 43, 11, 107, 120),
(917, '2018-02-23', 45, 34, 95, 92),
(918, '2018-02-23', 53, 32, 91, 104),
(919, '2018-02-23', 61, 25, 95, 80),
(920, '2018-02-24', 64, 23, 64, 80),
(921, '2018-02-24', 42, 53, 91, 75),
(922, '2018-02-24', 45, 54, 103, 106),
(923, '2018-02-24', 53, 55, 98, 88),
(924, '2018-02-24', 61, 55, 82, 100),
(925, '2018-02-24', 64, 61, 98, 89),
(926, '2018-02-24', 42, 63, 90, 71),
(927, '2018-02-24', 45, 64, 99, 91),
(928, '2018-02-25', 53, 65, 86, 72),
(929, '2018-02-25', 62, 41, 92, 87),
(930, '2018-02-25', 65, 42, 99, 80),
(931, '2018-02-25', 13, 42, 54, 71),
(932, '2018-02-25', 15, 65, 76, 85),
(933, '2018-02-25', 23, 63, 98, 87),
(934, '2018-02-25', 31, 61, 97, 98),
(935, '2018-02-25', 34, 54, 92, 85),
(936, '2018-02-26', 12, 24, 89, 79),
(937, '2018-02-26', 15, 25, 100, 84),
(938, '2018-02-26', 23, 31, 67, 70),
(939, '2018-02-26', 31, 32, 73, 72),
(940, '2018-02-26', 34, 32, 102, 100),
(941, '2018-02-26', 12, 34, 103, 92),
(942, '2018-02-26', 15, 35, 73, 90),
(943, '2018-02-26', 24, 11, 87, 84),
(944, '2018-02-27', 32, 12, 109, 107),
(945, '2018-02-27', 35, 13, 101, 83),
(946, '2018-02-27', 43, 12, 89, 93),
(947, '2018-02-27', 45, 35, 113, 110),
(948, '2018-02-27', 53, 33, 82, 99),
(949, '2018-02-27', 61, 31, 100, 84),
(950, '2018-02-27', 64, 24, 87, 101),
(951, '2018-02-27', 42, 54, 73, 81),
(952, '2018-02-28', 45, 55, 106, 91),
(953, '2018-02-28', 53, 61, 92, 106),
(954, '2018-02-28', 61, 62, 74, 90),
(955, '2018-02-28', 64, 62, 105, 89),
(956, '2018-02-28', 42, 64, 117, 115),
(957, '2018-02-28', 45, 65, 85, 86),
(958, '2018-02-28', 54, 41, 89, 92),
(959, '2018-02-28', 62, 42, 94, 76),
(960, '2018-02-28', 65, 43, 66, 71),
(961, '2018-03-01', 13, 43, 87, 88),
(962, '2018-03-01', 21, 41, 96, 87),
(963, '2018-03-01', 23, 64, 116, 100),
(964, '2018-03-01', 31, 62, 85, 97),
(965, '2018-03-01', 34, 55, 95, 86),
(966, '2018-03-01', 12, 25, 74, 64),
(967, '2018-03-01', 15, 31, 105, 92),
(968, '2018-03-02', 23, 32, 93, 104),
(969, '2018-03-02', 31, 33, 63, 74),
(970, '2018-03-02', 34, 33, 81, 97),
(971, '2018-03-02', 12, 35, 101, 98),
(972, '2018-03-02', 21, 11, 102, 93),
(973, '2018-03-02', 24, 12, 72, 86),
(974, '2018-03-02', 32, 13, 120, 104),
(975, '2018-03-02', 35, 14, 102, 84),
(976, '2018-03-03', 43, 13, 107, 92),
(977, '2018-03-03', 51, 11, 106, 95),
(978, '2018-03-03', 53, 34, 103, 94),
(979, '2018-03-03', 61, 32, 109, 100),
(980, '2018-03-03', 64, 25, 81, 97),
(981, '2018-03-03', 42, 55, 96, 105),
(982, '2018-03-03', 45, 61, 98, 97),
(983, '2018-03-03', 53, 62, 73, 72),
(984, '2018-03-04', 61, 63, 101, 86),
(985, '2018-03-04', 64, 63, 95, 93),
(986, '2018-03-04', 42, 65, 100, 85),
(987, '2018-03-04', 51, 41, 93, 105),
(988, '2018-03-04', 54, 42, 121, 126),
(989, '2018-03-04', 62, 43, 109, 104),
(990, '2018-03-04', 65, 44, 98, 88),
(991, '2018-03-04', 13, 44, 94, 76),
(992, '2018-03-05', 21, 42, 90, 103),
(993, '2018-03-05', 23, 65, 107, 95),
(994, '2018-03-05', 31, 63, 93, 80),
(995, '2018-03-05', 34, 61, 65, 75),
(996, '2018-03-05', 12, 31, 100, 108),
(997, '2018-03-05', 15, 32, 87, 105),
(998, '2018-03-05', 23, 33, 104, 109),
(999, '2018-03-05', 31, 34, 109, 95),
(1000, '2018-03-06', 34, 35, 107, 88),
(1001, '2018-03-06', 13, 11, 71, 78),
(1002, '2018-03-06', 21, 12, 97, 103),
(1003, '2018-03-06', 24, 13, 86, 102),
(1004, '2018-03-06', 32, 14, 96, 77),
(1005, '2018-03-06', 35, 15, 107, 90),
(1006, '2018-03-06', 43, 14, 103, 100),
(1007, '2018-03-06', 51, 12, 88, 85),
(1008, '2018-03-07', 53, 35, 102, 87),
(1009, '2018-03-07', 61, 33, 109, 98),
(1010, '2018-03-07', 64, 31, 98, 79),
(1011, '2018-03-07', 42, 61, 114, 109),
(1012, '2018-03-07', 45, 62, 104, 95),
(1013, '2018-03-07', 53, 63, 102, 95),
(1014, '2018-03-07', 61, 64, 126, 107),
(1015, '2018-03-07', 64, 65, 82, 102),
(1016, '2018-03-08', 43, 41, 113, 96),
(1017, '2018-03-08', 51, 42, 77, 60),
(1018, '2018-03-08', 54, 43, 92, 106),
(1019, '2018-03-08', 62, 44, 118, 99),
(1020, '2018-03-08', 65, 45, 98, 83),
(1021, '2018-03-08', 13, 45, 101, 85),
(1022, '2018-03-08', 21, 43, 86, 70),
(1023, '2018-03-08', 24, 41, 85, 101),
(1024, '2018-03-09', 31, 64, 107, 90),
(1025, '2018-03-09', 34, 62, 93, 103),
(1026, '2018-03-09', 12, 32, 105, 100),
(1027, '2018-03-09', 15, 33, 92, 105),
(1028, '2018-03-09', 23, 34, 106, 97),
(1029, '2018-03-09', 31, 35, 103, 97),
(1030, '2018-03-09', 35, 11, 95, 107),
(1031, '2018-03-09', 13, 12, 96, 78),
(1032, '2018-03-10', 21, 13, 93, 83),
(1033, '2018-03-10', 24, 14, 102, 94),
(1034, '2018-03-10', 32, 15, 98, 82),
(1035, '2018-03-10', 35, 21, 82, 95),
(1036, '2018-03-10', 43, 15, 110, 103),
(1037, '2018-03-10', 51, 13, 99, 109),
(1038, '2018-03-10', 54, 11, 104, 87),
(1039, '2018-03-10', 61, 34, 97, 84),
(1040, '2018-03-11', 64, 32, 83, 87),
(1041, '2018-03-11', 42, 62, 66, 73),
(1042, '2018-03-11', 45, 63, 88, 94),
(1043, '2018-03-11', 53, 64, 93, 86),
(1044, '2018-03-11', 61, 65, 104, 96),
(1045, '2018-03-11', 65, 41, 89, 72),
(1046, '2018-03-11', 43, 42, 75, 74),
(1047, '2018-03-11', 51, 43, 106, 104),
(1048, '2018-03-12', 54, 44, 83, 94),
(1049, '2018-03-12', 62, 45, 94, 89),
(1050, '2018-03-12', 65, 51, 95, 92),
(1051, '2018-03-12', 13, 51, 108, 89),
(1052, '2018-03-12', 21, 44, 83, 65),
(1053, '2018-03-12', 24, 42, 90, 100),
(1054, '2018-03-12', 31, 65, 102, 94),
(1055, '2018-03-12', 34, 63, 78, 91),
(1056, '2018-03-13', 12, 33, 90, 95),
(1057, '2018-03-13', 15, 34, 128, 109),
(1058, '2018-03-13', 23, 35, 79, 73),
(1059, '2018-03-13', 32, 11, 96, 102),
(1060, '2018-03-13', 35, 12, 70, 57),
(1061, '2018-03-13', 13, 14, 89, 102),
(1062, '2018-03-13', 21, 14, 121, 112),
(1063, '2018-03-13', 24, 15, 112, 124),
(1064, '2018-03-14', 32, 21, 61, 74),
(1065, '2018-03-14', 35, 22, 55, 71),
(1066, '2018-03-14', 43, 21, 110, 114),
(1067, '2018-03-14', 51, 14, 90, 78),
(1068, '2018-03-14', 54, 12, 89, 107),
(1069, '2018-03-14', 61, 35, 105, 91),
(1070, '2018-03-14', 64, 33, 83, 90),
(1071, '2018-03-14', 42, 63, 106, 91),
(1072, '2018-03-15', 45, 64, 90, 105),
(1073, '2018-03-15', 53, 65, 102, 83),
(1074, '2018-03-15', 62, 41, 93, 92),
(1075, '2018-03-15', 65, 42, 103, 93),
(1076, '2018-03-15', 43, 44, 129, 120),
(1077, '2018-03-15', 51, 44, 103, 102),
(1078, '2018-03-15', 54, 45, 110, 123),
(1079, '2018-03-15', 62, 51, 73, 72),
(1080, '2018-03-16', 65, 52, 74, 58),
(1081, '2018-03-16', 13, 52, 89, 70),
(1082, '2018-03-16', 21, 45, 102, 89),
(1083, '2018-03-16', 24, 43, 84, 92),
(1084, '2018-03-16', 32, 41, 98, 109),
(1085, '2018-03-16', 34, 64, 98, 97),
(1086, '2018-03-16', 12, 34, 124, 123),
(1087, '2018-03-16', 15, 35, 103, 92),
(1088, '2018-03-17', 24, 11, 92, 108),
(1089, '2018-03-17', 32, 12, 106, 101),
(1090, '2018-03-17', 35, 13, 75, 84),
(1091, '2018-03-17', 13, 15, 89, 88),
(1092, '2018-03-17', 21, 15, 92, 87),
(1093, '2018-03-17', 24, 21, 95, 103),
(1094, '2018-03-17', 32, 22, 87, 106),
(1095, '2018-03-17', 35, 23, 127, 115),
(1096, '2018-03-18', 43, 22, 95, 107),
(1097, '2018-03-18', 51, 15, 77, 64),
(1098, '2018-03-18', 54, 13, 91, 101),
(1099, '2018-03-18', 62, 11, 106, 91),
(1100, '2018-03-18', 64, 34, 64, 75),
(1101, '2018-03-18', 42, 64, 93, 85),
(1102, '2018-03-18', 45, 65, 107, 89),
(1103, '2018-03-18', 54, 41, 85, 73),
(1104, '2018-03-19', 62, 42, 100, 99),
(1105, '2018-03-19', 65, 43, 106, 92),
(1106, '2018-03-19', 43, 45, 99, 86),
(1107, '2018-03-19', 51, 45, 89, 88),
(1108, '2018-03-19', 54, 51, 97, 81),
(1109, '2018-03-19', 62, 52, 80, 70),
(1110, '2018-03-19', 65, 53, 98, 89),
(1111, '2018-03-19', 13, 53, 103, 101),
(1112, '2018-03-20', 21, 51, 96, 97),
(1113, '2018-03-20', 24, 44, 120, 108),
(1114, '2018-03-20', 32, 42, 106, 94),
(1115, '2018-03-20', 34, 65, 102, 99),
(1116, '2018-03-20', 12, 35, 91, 97),
(1117, '2018-03-20', 21, 11, 104, 85),
(1118, '2018-03-20', 24, 12, 102, 92),
(1119, '2018-03-20', 32, 13, 118, 109),
(1120, '2018-03-21', 35, 14, 103, 88),
(1121, '2018-03-21', 13, 21, 90, 101),
(1122, '2018-03-21', 21, 22, 72, 64),
(1123, '2018-03-21', 24, 22, 70, 59),
(1124, '2018-03-21', 32, 23, 93, 76),
(1125, '2018-03-21', 35, 24, 93, 97),
(1126, '2018-03-21', 43, 23, 104, 103),
(1127, '2018-03-21', 51, 21, 87, 97),
(1128, '2018-03-22', 54, 14, 99, 96),
(1129, '2018-03-22', 62, 12, 76, 87),
(1130, '2018-03-22', 64, 35, 106, 104),
(1131, '2018-03-22', 42, 65, 102, 99),
(1132, '2018-03-22', 51, 41, 87, 92),
(1133, '2018-03-22', 54, 42, 104, 91),
(1134, '2018-03-22', 62, 43, 129, 117),
(1135, '2018-03-22', 65, 44, 88, 72),
(1136, '2018-03-23', 43, 51, 106, 95),
(1137, '2018-03-23', 51, 52, 76, 86),
(1138, '2018-03-23', 54, 52, 92, 107),
(1139, '2018-03-23', 62, 53, 113, 98),
(1140, '2018-03-23', 65, 54, 105, 97),
(1141, '2018-03-23', 13, 54, 103, 96),
(1142, '2018-03-23', 21, 52, 81, 67),
(1143, '2018-03-23', 24, 45, 109, 94),
(1144, '2018-03-24', 32, 43, 91, 95),
(1145, '2018-03-24', 35, 41, 63, 81),
(1146, '2018-03-24', 13, 11, 118, 104),
(1147, '2018-03-24', 21, 12, 102, 88),
(1148, '2018-03-24', 24, 13, 84, 100),
(1149, '2018-03-24', 32, 14, 104, 92),
(1150, '2018-03-24', 35, 15, 88, 87),
(1151, '2018-03-24', 13, 22, 109, 99),
(1152, '2018-03-25', 21, 23, 83, 71),
(1153, '2018-03-25', 24, 23, 82, 101),
(1154, '2018-03-25', 32, 24, 92, 83),
(1155, '2018-03-25', 35, 25, 81, 85),
(1156, '2018-03-25', 43, 24, 72, 66),
(1157, '2018-03-25', 51, 22, 96, 107),
(1158, '2018-03-25', 54, 15, 96, 88),
(1159, '2018-03-25', 62, 13, 129, 121),
(1160, '2018-03-26', 65, 11, 98, 103),
(1161, '2018-03-26', 43, 41, 100, 96),
(1162, '2018-03-26', 51, 42, 105, 91),
(1163, '2018-03-26', 54, 43, 108, 107),
(1164, '2018-03-26', 62, 44, 74, 58),
(1165, '2018-03-26', 65, 45, 92, 77),
(1166, '2018-03-26', 43, 52, 101, 87),
(1167, '2018-03-26', 51, 53, 106, 103),
(1168, '2018-03-27', 54, 53, 122, 120),
(1169, '2018-03-27', 62, 54, 100, 82),
(1170, '2018-03-27', 65, 55, 102, 94),
(1171, '2018-03-27', 13, 55, 92, 84),
(1172, '2018-03-27', 21, 53, 102, 101),
(1173, '2018-03-27', 24, 51, 97, 102),
(1174, '2018-03-27', 32, 44, 88, 77),
(1175, '2018-03-27', 35, 42, 108, 109),
(1176, '2018-03-28', 13, 12, 101, 102),
(1177, '2018-03-28', 21, 13, 91, 100),
(1178, '2018-03-28', 24, 14, 107, 98),
(1179, '2018-03-28', 32, 15, 96, 91),
(1180, '2018-03-28', 35, 21, 71, 53),
(1181, '2018-03-28', 13, 23, 105, 100),
(1182, '2018-03-28', 21, 24, 75, 65),
(1183, '2018-03-28', 24, 25, 94, 93),
(1184, '2018-03-01', 32, 25, 73, 84),
(1185, '2018-03-29', 35, 31, 108, 94),
(1186, '2018-03-29', 43, 25, 73, 65),
(1187, '2018-03-29', 51, 23, 98, 90),
(1188, '2018-03-29', 54, 21, 100, 87),
(1189, '2018-03-29', 62, 14, 99, 84),
(1190, '2018-03-29', 65, 12, 75, 66),
(1191, '2018-03-29', 43, 42, 86, 96),
(1192, '2018-03-30', 51, 43, 111, 124),
(1193, '2018-03-30', 54, 44, 107, 109),
(1194, '2018-03-30', 62, 45, 98, 94),
(1195, '2018-03-30', 65, 51, 96, 91),
(1196, '2018-03-30', 43, 53, 84, 79),
(1197, '2018-03-30', 51, 54, 104, 103),
(1198, '2018-03-30', 54, 55, 108, 105),
(1199, '2018-03-30', 62, 55, 93, 106),
(1200, '2018-03-31', 65, 61, 107, 103),
(1201, '2018-03-31', 13, 61, 75, 91),
(1202, '2018-03-31', 21, 54, 103, 91),
(1203, '2018-03-31', 24, 52, 78, 95),
(1204, '2018-03-31', 32, 45, 81, 72),
(1205, '2018-03-31', 35, 43, 99, 92),
(1206, '2018-03-31', 13, 14, 60, 74),
(1207, '2018-03-31', 21, 14, 85, 84),
(1208, '2018-03-31', 24, 15, 77, 91),
(1209, '2018-04-01', 32, 21, 83, 102),
(1210, '2018-04-01', 35, 22, 83, 70),
(1211, '2018-04-01', 13, 24, 89, 100),
(1212, '2018-04-01', 21, 25, 106, 104),
(1213, '2018-04-01', 24, 31, 111, 119),
(1214, '2018-04-01', 32, 31, 102, 96),
(1215, '2018-04-01', 35, 32, 82, 96),
(1216, '2018-04-02', 43, 31, 109, 104),
(1217, '2018-04-02', 51, 24, 105, 102),
(1218, '2018-04-02', 54, 22, 106, 109),
(1219, '2018-04-02', 62, 15, 93, 84),
(1220, '2018-04-02', 65, 13, 100, 91),
(1221, '2018-04-02', 43, 44, 89, 93),
(1222, '2018-04-02', 51, 44, 88, 89),
(1223, '2018-04-02', 54, 45, 74, 68),
(1224, '2018-04-03', 62, 51, 109, 96),
(1225, '2018-04-03', 65, 52, 113, 97),
(1226, '2018-04-03', 43, 54, 82, 80),
(1227, '2018-04-03', 51, 55, 80, 97),
(1228, '2018-04-03', 54, 61, 92, 100),
(1229, '2018-04-03', 62, 61, 93, 74),
(1230, '2018-04-03', 65, 62, 105, 93),
(1231, '2018-04-03', 13, 62, 80, 73),
(1232, '2018-04-04', 21, 55, 74, 58),
(1233, '2018-04-04', 24, 53, 93, 105),
(1234, '2018-04-04', 32, 51, 91, 105),
(1235, '2018-04-04', 35, 44, 86, 92),
(1236, '2018-04-04', 13, 15, 129, 120),
(1237, '2018-04-04', 21, 15, 99, 80),
(1238, '2018-04-04', 24, 21, 102, 98),
(1239, '2018-04-04', 32, 22, 115, 126),
(1240, '2018-04-05', 35, 23, 104, 93),
(1241, '2018-04-05', 13, 25, 97, 78),
(1242, '2018-04-05', 21, 31, 106, 101),
(1243, '2018-04-05', 24, 32, 104, 96),
(1244, '2018-04-05', 32, 33, 84, 98),
(1245, '2018-04-05', 35, 33, 78, 97),
(1246, '2018-04-05', 43, 32, 100, 95),
(1247, '2018-04-05', 51, 25, 105, 100),
(1248, '2018-04-06', 54, 23, 73, 91),
(1249, '2018-04-06', 62, 21, 68, 70),
(1250, '2018-04-06', 65, 14, 93, 85),
(1251, '2018-04-06', 43, 45, 92, 91),
(1252, '2018-04-06', 51, 45, 92, 96),
(1253, '2018-04-06', 54, 51, 76, 93),
(1254, '2018-04-06', 62, 52, 79, 60),
(1255, '2018-04-06', 65, 53, 92, 85),
(1256, '2018-04-07', 43, 55, 90, 79),
(1257, '2018-04-07', 51, 61, 78, 84),
(1258, '2018-04-07', 54, 62, 101, 111),
(1259, '2018-04-07', 62, 63, 93, 74),
(1260, '2018-04-07', 65, 63, 77, 76),
(1261, '2018-04-07', 13, 63, 125, 120),
(1262, '2018-04-07', 21, 61, 94, 114),
(1263, '2018-04-07', 24, 54, 91, 72),
(1264, '2018-04-08', 32, 52, 73, 57),
(1265, '2018-04-08', 35, 45, 63, 82),
(1266, '2018-04-08', 13, 21, 103, 104),
(1267, '2018-04-08', 21, 22, 104, 103),
(1268, '2018-04-08', 24, 22, 75, 88),
(1269, '2018-04-08', 32, 23, 107, 106),
(1270, '2018-04-08', 35, 24, 114, 105),
(1271, '2018-04-08', 13, 31, 115, 120),
(1272, '2018-04-09', 21, 32, 87, 79),
(1273, '2018-04-09', 24, 33, 103, 102),
(1274, '2018-04-09', 32, 34, 106, 87),
(1275, '2018-04-09', 35, 34, 77, 94),
(1276, '2018-04-09', 43, 33, 105, 85),
(1277, '2018-04-09', 51, 31, 67, 82),
(1278, '2018-04-09', 54, 24, 108, 107),
(1279, '2018-04-09', 62, 22, 101, 94),
(1280, '2018-04-10', 65, 15, 66, 80),
(1281, '2018-04-10', 43, 51, 108, 106),
(1282, '2018-04-10', 51, 52, 95, 89),
(1283, '2018-04-10', 54, 52, 94, 102),
(1284, '2018-04-10', 62, 53, 116, 99),
(1285, '2018-04-10', 65, 54, 93, 106),
(1286, '2018-04-10', 43, 61, 105, 93),
(1287, '2018-04-10', 51, 62, 85, 92),
(1288, '2018-04-11', 54, 63, 94, 107),
(1289, '2018-04-11', 62, 64, 99, 92),
(1290, '2018-04-11', 65, 64, 99, 101);

-- --------------------------------------------------------

--
-- Estructura de tabla para la tabla `ZONAS`
--

CREATE TABLE `ZONAS` (
  `COD_ZONA` int(11) NOT NULL,
  `NOMBRE_ZONA` varchar(24) NOT NULL
) ENGINE=InnoDB DEFAULT CHARSET=latin1;

--
-- Volcado de datos para la tabla `ZONAS`
--

INSERT INTO `ZONAS` (`COD_ZONA`, `NOMBRE_ZONA`) VALUES
(1, 'North West'),
(2, 'Pacific'),
(3, 'South West'),
(4, 'Altantic'),
(5, 'Central'),
(6, 'South East');

--
-- Índices para tablas volcadas
--

--
-- Indices de la tabla `EQUIPOS`
--
ALTER TABLE `EQUIPOS`
  ADD PRIMARY KEY (`COD_EQUIPO`),
  ADD KEY `FK_EQUIPO_ZONA` (`ZONA`);

--
-- Indices de la tabla `JUGADORES`
--
ALTER TABLE `JUGADORES`
  ADD PRIMARY KEY (`COD_JUGADOR`),
  ADD KEY `FK_JUGADOR_EQUI` (`EQUIPO`);

--
-- Indices de la tabla `PARTIDOS`
--
ALTER TABLE `PARTIDOS`
  ADD PRIMARY KEY (`COD_PARTIDO`),
  ADD KEY `FK_PARTIDO_EQUI1` (`COD_EQUIPO1`),
  ADD KEY `FK_PARTIDO_EQUI2` (`COD_EQUIPO2`);

--
-- Indices de la tabla `ZONAS`
--
ALTER TABLE `ZONAS`
  ADD PRIMARY KEY (`COD_ZONA`);

--
-- Restricciones para tablas volcadas
--

--
-- Filtros para la tabla `EQUIPOS`
--
ALTER TABLE `EQUIPOS`
  ADD CONSTRAINT `FK_EQUIPO_ZONA` FOREIGN KEY (`ZONA`) REFERENCES `ZONAS` (`COD_ZONA`);

--
-- Filtros para la tabla `JUGADORES`
--
ALTER TABLE `JUGADORES`
  ADD CONSTRAINT `FK_JUGADOR_EQUI` FOREIGN KEY (`EQUIPO`) REFERENCES `EQUIPOS` (`COD_EQUIPO`);

--
-- Filtros para la tabla `PARTIDOS`
--
ALTER TABLE `PARTIDOS`
  ADD CONSTRAINT `FK_PARTIDO_EQUI1` FOREIGN KEY (`COD_EQUIPO1`) REFERENCES `EQUIPOS` (`COD_EQUIPO`),
  ADD CONSTRAINT `FK_PARTIDO_EQUI2` FOREIGN KEY (`COD_EQUIPO2`) REFERENCES `EQUIPOS` (`COD_EQUIPO`);

/*!40101 SET CHARACTER_SET_CLIENT=@OLD_CHARACTER_SET_CLIENT */;
/*!40101 SET CHARACTER_SET_RESULTS=@OLD_CHARACTER_SET_RESULTS */;
/*!40101 SET COLLATION_CONNECTION=@OLD_COLLATION_CONNECTION */;
