<?xml version="1.0" encoding="UTF-8"?>
<project-private xmlns="http://www.netbeans.org/ns/project-private/1">
    <editor-bookmarks xmlns="http://www.netbeans.org/ns/editor-bookmarks/2" lastBookmarkId="0"/>
    <open-files xmlns="http://www.netbeans.org/ns/projectui-open-files/2">
        <group>
            <file>file:/var/www/html/examen2evaObjetos/programador.php</file>
            <file>file:/var/www/html/examen2evaObjetos/departamento.php</file>
            <file>file:/var/www/html/examen2evaObjetos/trabajador.php</file>
            <file>file:/var/www/html/examen2evaObjetos/index.php</file>
            <file>file:/var/www/html/examen2evaObjetos/bbdd_mysqli.php</file>
            <file>file:/var/www/html/examen2evaObjetos/plantilla%20para%20usar%20session%20y%20post.php</file>
            <file>file:/var/www/html/examen2evaObjetos/tablas.php</file>
            <file>file:/var/www/html/examen2evaObjetos/administrador.php</file>
            <file>file:/var/www/html/examen2evaObjetos/select.php</file>
        </group>
    </open-files>
</project-private>
